id,age,sex,dataset,cp,trestbps,chol,fbs,restecg,thalch,exang,oldpeak,slope,ca,thal,num,target
627,51.0,Female,Switzerland,asymptomatic,120.0,,,normal,127.0,true,1.5,upsloping,,,2,1
353,41.0,Male,Hungary,atypical angina,120.0,295.0,false,normal,170.0,false,0.0,,,,0,0
98,60.0,Female,Cleveland,asymptomatic,150.0,258.0,false,lv hypertrophy,157.0,false,2.6,flat,2,reversible defect,3,1
520,54.0,Male,Hungary,asymptomatic,125.0,216.0,false,normal,140.0,false,0.0,,,,1,1
247,58.0,Male,Cleveland,asymptomatic,100.0,234.0,false,normal,156.0,false,0.1,upsloping,1,reversible defect,2,1
451,54.0,Male,Hungary,typical angina,120.0,171.0,false,normal,137.0,false,2.0,upsloping,,,0,0
600,35.0,Male,Switzerland,asymptomatic,,,,normal,130.0,true,,,,reversible defect,3,1
325,37.0,Female,Hungary,non-anginal,130.0,211.0,false,normal,142.0,false,0.0,,,,0,0
103,57.0,Female,Cleveland,asymptomatic,128.0,303.0,false,lv hypertrophy,159.0,false,0.0,upsloping,1,normal,0,0
467,55.0,Male,Hungary,non-anginal,120.0,220.0,false,lv hypertrophy,134.0,false,0.0,,,,0,0
505,46.0,Male,Hungary,asymptomatic,110.0,202.0,false,normal,150.0,true,0.0,,,,1,1
817,35.0,Male,VA Long Beach,non-anginal,,161.0,false,st-t abnormality,,,,,,,0,0
606,38.0,Male,Switzerland,asymptomatic,135.0,,,normal,150.0,false,0.0,,,normal,2,1
378,45.0,Male,Hungary,atypical angina,140.0,224.0,true,normal,122.0,false,0.0,,,,0,0
900,60.0,Male,VA Long Beach,asymptomatic,130.0,186.0,true,lv hypertrophy,140.0,true,0.5,flat,,,1,1
857,71.0,Male,VA Long Beach,non-anginal,,221.0,false,normal,,,,,,,3,1
913,53.0,Male,VA Long Beach,asymptomatic,144.0,300.0,true,st-t abnormality,128.0,true,1.5,flat,,,3,1
697,63.0,Male,Switzerland,asymptomatic,100.0,,,normal,109.0,false,-0.9,flat,,,1,1
648,54.0,Male,Switzerland,asymptomatic,180.0,,,normal,150.0,false,1.5,flat,,reversible defect,1,1
565,52.0,Male,Hungary,asymptomatic,112.0,342.0,false,st-t abnormality,96.0,true,1.0,flat,,,1,1
535,46.0,Male,Hungary,asymptomatic,120.0,231.0,false,normal,115.0,true,0.0,,,,1,1
916,54.0,Female,VA Long Beach,asymptomatic,127.0,333.0,true,st-t abnormality,154.0,false,0.0,,,,1,1
909,74.0,Male,VA Long Beach,asymptomatic,155.0,310.0,false,normal,112.0,true,1.5,downsloping,,,2,1
107,59.0,Male,Cleveland,asymptomatic,140.0,177.0,false,normal,162.0,true,0.0,upsloping,1,reversible defect,2,1
827,50.0,Male,VA Long Beach,asymptomatic,144.0,349.0,false,lv hypertrophy,120.0,true,1.0,upsloping,,reversible defect,1,1
218,46.0,Female,Cleveland,asymptomatic,138.0,243.0,false,lv hypertrophy,152.0,true,0.0,flat,0,normal,0,0
745,52.0,Male,VA Long Beach,non-anginal,128.0,,false,st-t abnormality,180.0,false,3.0,upsloping,,,2,1
586,47.0,Female,Hungary,asymptomatic,120.0,205.0,false,normal,98.0,true,2.0,flat,,fixed defect,1,1
245,60.0,Female,Cleveland,non-anginal,120.0,178.0,true,normal,96.0,false,0.0,upsloping,0,normal,0,0
850,48.0,Male,VA Long Beach,asymptomatic,,272.0,false,st-t abnormality,,,,,,,0,0
419,50.0,Male,Hungary,asymptomatic,150.0,215.0,false,normal,140.0,true,0.0,,,,0,0
323,36.0,Male,Hungary,non-anginal,150.0,160.0,false,normal,172.0,false,0.0,,,,0,0
70,46.0,Male,Cleveland,non-anginal,150.0,231.0,false,normal,147.0,false,3.6,flat,0,normal,1,1
806,63.0,Male,VA Long Beach,asymptomatic,130.0,308.0,false,normal,138.0,true,2.0,flat,,,2,1
105,49.0,Male,Cleveland,non-anginal,120.0,188.0,false,normal,139.0,false,2.0,flat,3,reversible defect,3,1
181,48.0,Male,Cleveland,asymptomatic,124.0,274.0,false,lv hypertrophy,166.0,false,0.5,flat,0,reversible defect,3,1
727,65.0,Male,VA Long Beach,asymptomatic,150.0,236.0,true,st-t abnormality,105.0,true,0.0,,,,3,1
688,61.0,Male,Switzerland,asymptomatic,150.0,,false,normal,117.0,true,2.0,flat,,reversible defect,2,1
191,50.0,Male,Cleveland,non-anginal,129.0,196.0,false,normal,163.0,false,0.0,upsloping,0,normal,0,0
175,64.0,Male,Cleveland,asymptomatic,145.0,212.0,false,lv hypertrophy,132.0,false,2.0,flat,2,fixed defect,4,1
221,41.0,Female,Cleveland,non-anginal,112.0,268.0,false,lv hypertrophy,172.0,true,0.0,upsloping,0,normal,0,0
147,57.0,Male,Cleveland,asymptomatic,165.0,289.0,true,lv hypertrophy,124.0,false,1.0,flat,3,reversible defect,4,1
678,60.0,Male,Switzerland,asymptomatic,135.0,,false,normal,63.0,true,0.5,upsloping,,reversible defect,3,1
867,59.0,Male,VA Long Beach,asymptomatic,140.0,274.0,false,normal,154.0,true,2.0,flat,,,0,0
529,32.0,Male,Hungary,asymptomatic,118.0,529.0,false,normal,130.0,false,0.0,,,,1,1
298,57.0,Female,Cleveland,asymptomatic,140.0,241.0,false,normal,123.0,true,0.2,flat,0,reversible defect,1,1
122,63.0,Female,Cleveland,asymptomatic,150.0,407.0,false,lv hypertrophy,154.0,false,4.0,flat,3,reversible defect,4,1
228,67.0,Female,Cleveland,non-anginal,152.0,277.0,false,normal,172.0,false,0.0,upsloping,1,normal,0,0
799,60.0,Male,VA Long Beach,asymptomatic,142.0,216.0,false,normal,110.0,true,2.5,flat,,,2,1
265,61.0,Male,Cleveland,asymptomatic,138.0,166.0,false,lv hypertrophy,125.0,true,3.6,flat,1,normal,4,1
521,54.0,Male,Hungary,asymptomatic,125.0,224.0,false,normal,122.0,false,2.0,flat,,,1,1
405,49.0,Female,Hungary,atypical angina,110.0,,false,normal,160.0,false,0.0,,,,0,0
860,58.0,Male,VA Long Beach,non-anginal,150.0,219.0,false,st-t abnormality,118.0,true,0.0,,,,2,1
835,50.0,Male,VA Long Beach,asymptomatic,,218.0,false,normal,,,,,,,1,1
398,48.0,Female,Hungary,asymptomatic,108.0,163.0,false,normal,175.0,false,2.0,upsloping,,,0,0
713,68.0,Male,Switzerland,asymptomatic,145.0,,,normal,136.0,false,1.8,upsloping,,,1,1
69,59.0,Male,Cleveland,asymptomatic,170.0,326.0,false,lv hypertrophy,140.0,true,3.4,downsloping,0,reversible defect,2,1
568,52.0,Male,Hungary,asymptomatic,160.0,246.0,false,st-t abnormality,82.0,true,4.0,flat,,,1,1
101,45.0,Male,Cleveland,asymptomatic,115.0,260.0,false,lv hypertrophy,185.0,false,0.0,upsloping,0,normal,0,0
710,66.0,Male,Switzerland,asymptomatic,150.0,,false,normal,108.0,true,2.0,flat,,reversible defect,3,1
62,46.0,Female,Cleveland,non-anginal,142.0,177.0,false,lv hypertrophy,160.0,true,1.4,downsloping,0,normal,0,0
45,61.0,Female,Cleveland,asymptomatic,130.0,330.0,false,lv hypertrophy,169.0,false,0.0,upsloping,0,normal,1,1
603,38.0,Female,Switzerland,asymptomatic,110.0,,false,normal,156.0,false,0.0,flat,,normal,1,1
134,51.0,Male,Cleveland,asymptomatic,140.0,261.0,false,lv hypertrophy,186.0,true,0.0,upsloping,0,normal,0,0
706,65.0,Male,Switzerland,asymptomatic,145.0,,,st-t abnormality,67.0,false,,,,fixed defect,3,1
369,43.0,Female,Hungary,non-anginal,150.0,,false,normal,175.0,false,0.0,,,normal,0,0
882,67.0,Male,VA Long Beach,asymptomatic,,369.0,false,normal,,,,,,,3,1
167,52.0,Male,Cleveland,non-anginal,138.0,223.0,false,normal,169.0,false,0.0,upsloping,,normal,0,0
736,62.0,Male,VA Long Beach,asymptomatic,120.0,220.0,false,st-t abnormality,86.0,false,0.0,,,,0,0
54,44.0,Male,Cleveland,atypical angina,130.0,219.0,false,lv hypertrophy,188.0,false,0.0,upsloping,0,normal,0,0
726,66.0,Male,VA Long Beach,non-anginal,120.0,,false,st-t abnormality,120.0,false,-0.5,upsloping,,,0,0
117,58.0,Male,Cleveland,non-anginal,140.0,211.0,true,lv hypertrophy,165.0,false,0.0,upsloping,0,normal,0,0
899,58.0,Male,VA Long Beach,asymptomatic,160.0,256.0,true,lv hypertrophy,113.0,true,1.0,upsloping,,,3,1
724,55.0,Male,VA Long Beach,asymptomatic,142.0,228.0,false,st-t abnormality,149.0,true,2.5,upsloping,,,1,1
658,56.0,Male,Switzerland,asymptomatic,120.0,,false,st-t abnormality,148.0,false,0.0,flat,,,2,1
333,38.0,Male,Hungary,non-anginal,145.0,292.0,false,normal,130.0,false,0.0,,,,0,0
346,40.0,Male,Hungary,non-anginal,130.0,215.0,false,normal,138.0,false,0.0,,,,0,0
199,50.0,Female,Cleveland,atypical angina,120.0,244.0,false,normal,162.0,false,1.1,upsloping,0,normal,0,0
373,44.0,Male,Hungary,atypical angina,130.0,215.0,false,normal,135.0,false,0.0,,,,0,0
427,52.0,Female,Hungary,atypical angina,120.0,210.0,false,normal,148.0,false,0.0,,,,0,0
307,30.0,Female,Hungary,typical angina,170.0,237.0,false,st-t abnormality,170.0,false,0.0,,,fixed defect,0,0
115,62.0,Female,Cleveland,non-anginal,130.0,263.0,false,normal,97.0,false,1.2,flat,1,reversible defect,2,1
861,75.0,Male,VA Long Beach,asymptomatic,160.0,310.0,true,normal,112.0,true,2.0,downsloping,,reversible defect,0,0
321,36.0,Male,Hungary,non-anginal,112.0,340.0,false,normal,184.0,false,1.0,flat,,normal,0,0
788,58.0,Male,VA Long Beach,asymptomatic,120.0,,false,lv hypertrophy,106.0,true,1.5,downsloping,,reversible defect,1,1
409,49.0,Male,Hungary,atypical angina,100.0,253.0,false,normal,174.0,false,0.0,,,,0,0
184,59.0,Male,Cleveland,typical angina,178.0,270.0,false,lv hypertrophy,145.0,false,4.2,downsloping,0,reversible defect,0,0
10,53.0,Male,Cleveland,asymptomatic,140.0,203.0,true,lv hypertrophy,155.0,true,3.1,downsloping,0,reversible defect,1,1
807,69.0,Male,VA Long Beach,asymptomatic,140.0,208.0,false,st-t abnormality,140.0,true,2.0,,,,3,1
421,51.0,Female,Hungary,non-anginal,110.0,190.0,false,normal,120.0,false,0.0,,,,0,0
748,60.0,Male,VA Long Beach,asymptomatic,130.0,186.0,true,st-t abnormality,140.0,true,0.5,flat,,,1,1
55,60.0,Male,Cleveland,asymptomatic,130.0,253.0,false,normal,144.0,true,1.4,upsloping,1,reversible defect,1,1
3,67.0,Male,Cleveland,asymptomatic,120.0,229.0,false,lv hypertrophy,129.0,true,2.6,flat,2,reversible defect,1,1
871,41.0,Male,VA Long Beach,asymptomatic,150.0,171.0,false,normal,128.0,true,1.5,flat,,,0,0
365,43.0,Female,Hungary,atypical angina,120.0,215.0,false,st-t abnormality,175.0,false,0.0,,,,0,0
771,55.0,Male,VA Long Beach,non-anginal,120.0,,false,st-t abnormality,125.0,true,2.5,flat,,reversible defect,1,1
597,65.0,Male,Hungary,asymptomatic,130.0,275.0,false,st-t abnormality,115.0,true,1.0,flat,,,1,1
382,46.0,Female,Hungary,asymptomatic,130.0,238.0,false,normal,90.0,false,0.0,,,,0,0
420,51.0,Female,Hungary,atypical angina,160.0,194.0,false,normal,170.0,false,0.0,,,,0,0
182,56.0,Female,Cleveland,asymptomatic,134.0,409.0,false,lv hypertrophy,150.0,true,1.9,flat,2,reversible defect,2,1
887,69.0,Male,VA Long Beach,asymptomatic,122.0,216.0,true,lv hypertrophy,84.0,true,0.0,,,reversible defect,2,1
637,52.0,Male,Switzerland,asymptomatic,95.0,,,normal,82.0,true,,,,,2,1
593,52.0,Male,Hungary,asymptomatic,160.0,331.0,false,normal,94.0,true,2.5,,,,1,1
280,58.0,Female,Cleveland,asymptomatic,130.0,197.0,false,normal,131.0,false,0.6,flat,0,normal,0,0
415,50.0,Male,Hungary,atypical angina,120.0,168.0,false,normal,160.0,false,0.0,,0,,0,0
719,73.0,Female,Switzerland,non-anginal,160.0,,false,st-t abnormality,121.0,false,0.0,upsloping,,normal,1,1
613,43.0,Male,Switzerland,asymptomatic,115.0,,false,normal,145.0,true,2.0,flat,,reversible defect,4,1
864,64.0,Male,VA Long Beach,asymptomatic,134.0,273.0,false,normal,102.0,true,4.0,downsloping,,,4,1
879,69.0,Male,VA Long Beach,asymptomatic,,210.0,true,st-t abnormality,,,,,,,2,1
695,62.0,Male,Switzerland,asymptomatic,115.0,,,normal,72.0,true,-0.5,flat,,normal,1,1
211,37.0,Female,Cleveland,non-anginal,120.0,215.0,false,normal,170.0,false,0.0,upsloping,0,normal,0,0
310,32.0,Male,Hungary,atypical angina,110.0,225.0,false,normal,184.0,false,0.0,,,,0,0
400,48.0,Female,Hungary,asymptomatic,150.0,227.0,false,normal,130.0,true,1.0,flat,,,0,0
569,53.0,Male,Hungary,non-anginal,145.0,518.0,false,normal,130.0,false,0.0,,,,1,1
192,51.0,Male,Cleveland,asymptomatic,140.0,298.0,false,normal,122.0,true,4.2,flat,3,reversible defect,3,1
44,59.0,Male,Cleveland,non-anginal,150.0,212.0,true,normal,157.0,false,1.6,upsloping,0,normal,0,0
795,72.0,Male,VA Long Beach,non-anginal,120.0,214.0,false,normal,102.0,true,1.0,flat,,,3,1
700,63.0,Male,Switzerland,asymptomatic,150.0,,,st-t abnormality,154.0,false,3.7,upsloping,,,3,1
470,56.0,Female,Hungary,non-anginal,130.0,219.0,,st-t abnormality,164.0,false,0.0,,,reversible defect,0,0
142,59.0,Male,Cleveland,typical angina,170.0,288.0,false,lv hypertrophy,159.0,false,0.2,flat,0,reversible defect,1,1
407,49.0,Female,Hungary,atypical angina,124.0,201.0,false,normal,164.0,false,0.0,,,,0,0
461,55.0,Female,Hungary,atypical angina,122.0,320.0,false,normal,155.0,false,0.0,,,,0,0
412,49.0,Male,Hungary,asymptomatic,140.0,,false,normal,130.0,false,0.0,,,,0,0
388,46.0,Male,Hungary,asymptomatic,180.0,280.0,false,st-t abnormality,120.0,false,0.0,,,,0,0
23,58.0,Male,Cleveland,atypical angina,120.0,284.0,false,lv hypertrophy,160.0,false,1.8,flat,0,normal,1,1
566,52.0,Male,Hungary,asymptomatic,130.0,298.0,false,normal,110.0,true,1.0,flat,,,1,1
137,70.0,Male,Cleveland,asymptomatic,145.0,174.0,false,normal,125.0,true,2.6,downsloping,0,reversible defect,4,1
15,52.0,Male,Cleveland,non-anginal,172.0,199.0,true,normal,162.0,false,0.5,upsloping,0,reversible defect,0,0
673,59.0,Male,Switzerland,asymptomatic,125.0,,,normal,119.0,true,0.9,upsloping,,,1,1
507,46.0,Male,Hungary,asymptomatic,120.0,277.0,false,normal,125.0,true,1.0,flat,,,1,1
223,39.0,Female,Cleveland,non-anginal,94.0,199.0,false,normal,179.0,false,0.0,upsloping,0,normal,0,0
57,50.0,Male,Cleveland,non-anginal,140.0,233.0,false,normal,163.0,false,0.6,flat,1,reversible defect,1,1
439,53.0,Male,Hungary,atypical angina,140.0,320.0,false,normal,162.0,false,0.0,,,,0,0
605,38.0,Male,Switzerland,non-anginal,115.0,,false,normal,128.0,true,0.0,flat,,reversible defect,1,1
463,55.0,Male,Hungary,atypical angina,120.0,256.0,true,normal,137.0,false,0.0,,,reversible defect,0,0
582,66.0,Male,Hungary,asymptomatic,140.0,,false,normal,94.0,true,1.0,flat,,,1,1
236,54.0,Male,Cleveland,asymptomatic,122.0,286.0,false,lv hypertrophy,116.0,true,3.2,flat,2,normal,3,1
73,62.0,Male,Cleveland,asymptomatic,120.0,267.0,false,normal,99.0,true,1.8,flat,2,reversible defect,1,1
604,38.0,Male,Switzerland,non-anginal,100.0,,,normal,179.0,false,-1.1,upsloping,,,0,0
739,63.0,Male,VA Long Beach,asymptomatic,126.0,,false,st-t abnormality,120.0,false,1.5,downsloping,,,0,0
205,43.0,Male,Cleveland,asymptomatic,110.0,211.0,false,normal,161.0,false,0.0,upsloping,0,reversible defect,0,0
854,68.0,Male,VA Long Beach,typical angina,,181.0,true,st-t abnormality,,,,,,,0,0
123,51.0,Male,Cleveland,non-anginal,100.0,222.0,false,normal,143.0,true,1.2,flat,0,normal,0,0
135,43.0,Female,Cleveland,non-anginal,122.0,213.0,false,normal,165.0,false,0.2,flat,0,normal,0,0
759,58.0,Male,VA Long Beach,asymptomatic,,203.0,true,normal,,,,,,,1,1
48,50.0,Male,Cleveland,asymptomatic,150.0,243.0,false,lv hypertrophy,128.0,false,2.6,flat,0,reversible defect,4,1
852,61.0,Male,VA Long Beach,typical angina,142.0,200.0,true,st-t abnormality,100.0,false,1.5,downsloping,,,3,1
907,61.0,Male,VA Long Beach,non-anginal,120.0,337.0,false,normal,98.0,true,0.0,,,,3,1
812,40.0,Male,VA Long Beach,non-anginal,106.0,240.0,false,normal,80.0,true,0.0,,,reversible defect,0,0
19,48.0,Female,Cleveland,non-anginal,130.0,275.0,false,normal,139.0,false,0.2,upsloping,0,normal,0,0
76,65.0,Female,Cleveland,non-anginal,160.0,360.0,false,lv hypertrophy,151.0,false,0.8,upsloping,0,normal,0,0
462,55.0,Female,Hungary,atypical angina,130.0,394.0,false,lv hypertrophy,150.0,false,0.0,,,,0,0
127,56.0,Female,Cleveland,asymptomatic,200.0,288.0,true,lv hypertrophy,133.0,true,4.0,downsloping,2,reversible defect,3,1
870,61.0,Male,VA Long Beach,asymptomatic,,292.0,false,st-t abnormality,,,,,,,3,1
390,47.0,Female,Hungary,non-anginal,130.0,,false,normal,145.0,false,2.0,flat,,,0,0
359,42.0,Male,Hungary,atypical angina,150.0,268.0,false,normal,136.0,false,0.0,,,,0,0
756,64.0,Male,VA Long Beach,asymptomatic,144.0,,false,st-t abnormality,122.0,true,1.0,flat,,,3,1
432,52.0,Male,Hungary,atypical angina,140.0,100.0,false,normal,138.0,true,0.0,,,,0,0
437,53.0,Female,Hungary,non-anginal,120.0,274.0,false,normal,130.0,false,0.0,,,,0,0
740,60.0,Male,VA Long Beach,asymptomatic,152.0,,false,st-t abnormality,118.0,true,0.0,,,reversible defect,0,0
164,58.0,Female,Cleveland,asymptomatic,100.0,248.0,false,lv hypertrophy,122.0,false,1.0,flat,0,normal,0,0
886,48.0,Male,VA Long Beach,asymptomatic,140.0,,false,normal,159.0,true,1.5,upsloping,,,3,1
513,49.0,Female,Hungary,non-anginal,160.0,180.0,false,normal,156.0,false,1.0,flat,,,1,1
578,58.0,Male,Hungary,atypical angina,136.0,164.0,false,st-t abnormality,99.0,true,2.0,flat,,,1,1
630,51.0,Male,Switzerland,asymptomatic,130.0,,,normal,170.0,false,-0.7,upsloping,,,2,1
690,62.0,Female,Switzerland,typical angina,140.0,,,normal,143.0,false,0.0,,,normal,2,1
243,49.0,Female,Cleveland,asymptomatic,130.0,269.0,false,normal,163.0,false,0.0,upsloping,0,normal,0,0
185,60.0,Female,Cleveland,asymptomatic,158.0,305.0,false,lv hypertrophy,161.0,false,0.0,upsloping,0,normal,1,1
384,46.0,Male,Hungary,non-anginal,120.0,230.0,false,normal,150.0,false,0.0,,,,0,0
533,43.0,Male,Hungary,typical angina,120.0,291.0,false,st-t abnormality,155.0,false,0.0,,,,1,1
42,40.0,Male,Cleveland,typical angina,140.0,199.0,false,normal,178.0,true,1.4,upsloping,0,reversible defect,0,0
592,52.0,Male,Hungary,asymptomatic,140.0,266.0,false,normal,134.0,true,2.0,flat,,,1,1
830,45.0,Male,VA Long Beach,non-anginal,,236.0,false,normal,,,,,,,0,0
385,46.0,Male,Hungary,non-anginal,150.0,163.0,,normal,116.0,false,0.0,,,,0,0
138,62.0,Male,Cleveland,atypical angina,120.0,281.0,false,lv hypertrophy,103.0,false,1.4,flat,1,reversible defect,3,1
227,47.0,Male,Cleveland,asymptomatic,112.0,204.0,false,normal,143.0,false,0.1,upsloping,0,normal,0,0
763,61.0,Male,VA Long Beach,asymptomatic,,,true,st-t abnormality,86.0,false,1.5,flat,,reversible defect,3,1
844,57.0,Male,VA Long Beach,asymptomatic,110.0,197.0,false,lv hypertrophy,100.0,false,0.0,,,,0,0
508,47.0,Male,Hungary,non-anginal,140.0,193.0,false,normal,145.0,true,1.0,flat,,,1,1
893,67.0,Male,VA Long Beach,asymptomatic,140.0,219.0,false,st-t abnormality,122.0,true,2.0,flat,,reversible defect,3,1
337,39.0,Male,Hungary,atypical angina,120.0,204.0,false,normal,145.0,false,0.0,,,,0,0
712,68.0,Male,Switzerland,asymptomatic,135.0,,false,st-t abnormality,120.0,true,0.0,upsloping,,reversible defect,3,1
445,54.0,Female,Hungary,atypical angina,120.0,230.0,true,normal,140.0,false,0.0,,,,0,0
733,62.0,Male,VA Long Beach,asymptomatic,110.0,,false,normal,120.0,true,0.5,flat,,normal,1,1
446,54.0,Female,Hungary,atypical angina,120.0,273.0,false,normal,150.0,false,1.5,flat,,,0,0
68,54.0,Male,Cleveland,non-anginal,150.0,232.0,false,lv hypertrophy,165.0,false,1.6,upsloping,0,reversible defect,0,0
431,52.0,Male,Hungary,atypical angina,120.0,284.0,false,normal,118.0,false,0.0,,,,0,0
258,76.0,Female,Cleveland,non-anginal,140.0,197.0,false,st-t abnormality,116.0,false,1.1,flat,0,normal,0,0
905,57.0,Male,VA Long Beach,asymptomatic,130.0,207.0,false,st-t abnormality,96.0,true,1.0,flat,,,0,0
548,54.0,Male,Hungary,asymptomatic,140.0,,false,normal,118.0,true,0.0,,,,1,1
655,56.0,Male,Switzerland,non-anginal,155.0,,false,st-t abnormality,99.0,false,0.0,flat,,normal,2,1
667,58.0,Male,Switzerland,asymptomatic,115.0,,,normal,138.0,false,0.5,upsloping,,,1,1
145,58.0,Male,Cleveland,non-anginal,105.0,240.0,false,lv hypertrophy,154.0,true,0.6,flat,0,reversible defect,0,0
144,64.0,Male,Cleveland,non-anginal,125.0,309.0,false,normal,131.0,true,1.8,flat,0,reversible defect,1,1
187,42.0,Male,Cleveland,non-anginal,120.0,240.0,true,normal,194.0,false,0.8,downsloping,0,reversible defect,0,0
114,43.0,Female,Cleveland,asymptomatic,132.0,341.0,true,lv hypertrophy,136.0,true,3.0,flat,0,reversible defect,2,1
622,48.0,Male,Switzerland,asymptomatic,115.0,,,normal,128.0,false,0.0,flat,,fixed defect,2,1
638,53.0,Male,Switzerland,atypical angina,120.0,,false,normal,95.0,false,0.0,flat,,normal,3,1
128,54.0,Male,Cleveland,asymptomatic,110.0,239.0,false,normal,126.0,true,2.8,flat,1,reversible defect,3,1
885,51.0,Male,VA Long Beach,asymptomatic,,,true,lv hypertrophy,,,,,,reversible defect,1,1
468,55.0,Male,Hungary,asymptomatic,120.0,270.0,false,normal,140.0,false,0.0,,,,0,0
596,58.0,Female,Hungary,atypical angina,180.0,393.0,false,normal,110.0,true,1.0,flat,,reversible defect,1,1
918,55.0,Male,VA Long Beach,asymptomatic,122.0,223.0,true,st-t abnormality,100.0,false,0.0,,,fixed defect,2,1
402,48.0,Male,Hungary,atypical angina,130.0,245.0,false,normal,160.0,false,0.0,,,,0,0
256,42.0,Female,Cleveland,non-anginal,120.0,209.0,false,normal,173.0,false,0.0,flat,0,normal,0,0
335,39.0,Male,Hungary,atypical angina,120.0,,false,st-t abnormality,146.0,false,2.0,upsloping,,,0,0
46,58.0,Male,Cleveland,non-anginal,112.0,230.0,false,lv hypertrophy,165.0,false,2.5,flat,1,reversible defect,4,1
709,66.0,Female,Switzerland,asymptomatic,155.0,,,normal,90.0,false,0.0,,,reversible defect,1,1
693,62.0,Male,Switzerland,non-anginal,160.0,,false,normal,72.0,true,0.0,flat,,normal,3,1
654,56.0,Male,Switzerland,non-anginal,125.0,,,normal,98.0,false,-2.0,flat,,reversible defect,2,1
849,61.0,Female,VA Long Beach,atypical angina,140.0,298.0,true,normal,120.0,true,0.0,,,reversible defect,0,0
80,58.0,Male,Cleveland,asymptomatic,150.0,270.0,false,lv hypertrophy,111.0,true,0.8,upsloping,0,reversible defect,3,1
493,33.0,Female,Hungary,asymptomatic,100.0,246.0,false,normal,150.0,true,1.0,flat,,,1,1
738,46.0,Male,VA Long Beach,asymptomatic,110.0,236.0,false,normal,125.0,true,2.0,flat,,,1,1
540,48.0,Male,Hungary,asymptomatic,160.0,355.0,false,normal,99.0,true,2.0,flat,,,1,1
650,55.0,Male,Switzerland,asymptomatic,115.0,,,normal,155.0,false,0.1,flat,,,1,1
355,41.0,Male,Hungary,asymptomatic,112.0,250.0,false,normal,142.0,false,0.0,,,,0,0
40,61.0,Male,Cleveland,non-anginal,150.0,243.0,true,normal,137.0,true,1.0,flat,0,normal,0,0
721,63.0,Male,VA Long Beach,asymptomatic,140.0,260.0,false,st-t abnormality,112.0,true,3.0,flat,,,2,1
536,46.0,Male,Hungary,asymptomatic,130.0,222.0,false,normal,112.0,false,0.0,,,,1,1
303,38.0,Male,Cleveland,non-anginal,138.0,175.0,false,normal,173.0,false,0.0,upsloping,,normal,0,0
475,57.0,Female,Hungary,typical angina,130.0,308.0,false,normal,98.0,false,1.0,flat,,,0,0
642,53.0,Male,Switzerland,asymptomatic,120.0,,,normal,120.0,false,0.0,flat,,reversible defect,1,1
584,43.0,Male,Hungary,asymptomatic,140.0,288.0,false,normal,135.0,true,2.0,flat,,,1,1
99,52.0,Male,Cleveland,atypical angina,134.0,201.0,false,normal,158.0,false,0.8,upsloping,1,normal,0,0
773,62.0,Male,VA Long Beach,asymptomatic,152.0,153.0,false,st-t abnormality,97.0,true,1.6,upsloping,,reversible defect,2,1
687,61.0,Male,Switzerland,asymptomatic,150.0,,false,normal,105.0,true,0.0,flat,,reversible defect,1,1
281,57.0,Male,Cleveland,asymptomatic,110.0,335.0,false,normal,143.0,true,3.0,flat,1,reversible defect,2,1
244,61.0,Male,Cleveland,typical angina,134.0,234.0,false,normal,145.0,false,2.6,flat,2,normal,2,1
555,41.0,Male,Hungary,asymptomatic,130.0,172.0,false,st-t abnormality,130.0,false,2.0,flat,,,1,1
874,55.0,Male,VA Long Beach,asymptomatic,158.0,217.0,false,normal,110.0,true,2.5,flat,,,1,1
172,53.0,Male,Cleveland,asymptomatic,142.0,226.0,false,lv hypertrophy,111.0,true,0.0,upsloping,0,reversible defect,0,0
815,60.0,Male,VA Long Beach,asymptomatic,,195.0,false,normal,,,,,,,0,0
786,69.0,Male,VA Long Beach,non-anginal,140.0,,,st-t abnormality,118.0,false,2.5,downsloping,,,2,1
229,54.0,Male,Cleveland,asymptomatic,110.0,206.0,false,lv hypertrophy,108.0,true,0.0,flat,1,normal,3,1
580,59.0,Male,Hungary,asymptomatic,140.0,264.0,true,lv hypertrophy,119.0,true,0.0,,,,1,1
106,54.0,Male,Cleveland,atypical angina,108.0,309.0,false,normal,156.0,false,0.0,upsloping,0,reversible defect,0,0
829,55.0,Male,VA Long Beach,asymptomatic,150.0,160.0,false,st-t abnormality,150.0,false,0.0,,,,0,0
707,65.0,Male,Switzerland,asymptomatic,155.0,,,normal,154.0,false,1.0,upsloping,,,0,0
248,47.0,Male,Cleveland,asymptomatic,110.0,275.0,false,lv hypertrophy,118.0,true,1.0,flat,1,normal,1,1
674,59.0,Male,Switzerland,asymptomatic,135.0,,false,normal,115.0,true,1.0,flat,,reversible defect,1,1
583,41.0,Male,Hungary,asymptomatic,120.0,336.0,false,normal,118.0,true,3.0,flat,,,1,1
216,56.0,Male,Cleveland,typical angina,120.0,193.0,false,lv hypertrophy,162.0,false,1.9,flat,0,reversible defect,0,0
577,56.0,Male,Hungary,asymptomatic,170.0,388.0,false,st-t abnormality,122.0,true,2.0,flat,,,1,1
781,51.0,Male,VA Long Beach,asymptomatic,,218.0,true,lv hypertrophy,,,,,,,0,0
219,64.0,Female,Cleveland,asymptomatic,130.0,303.0,false,normal,122.0,false,2.0,flat,2,normal,0,0
52,65.0,Male,Cleveland,asymptomatic,120.0,177.0,false,normal,140.0,false,0.4,upsloping,0,reversible defect,0,0
222,54.0,Female,Cleveland,non-anginal,108.0,267.0,false,lv hypertrophy,167.0,false,0.0,upsloping,0,normal,0,0
743,63.0,Male,VA Long Beach,non-anginal,130.0,,false,st-t abnormality,111.0,true,0.0,,,,3,1
656,56.0,Male,Switzerland,asymptomatic,115.0,,,st-t abnormality,82.0,false,-1.0,upsloping,,,1,1
901,57.0,Male,VA Long Beach,asymptomatic,122.0,264.0,false,lv hypertrophy,100.0,false,0.0,,,,1,1
65,54.0,Male,Cleveland,asymptomatic,120.0,188.0,false,normal,113.0,false,1.4,flat,1,reversible defect,2,1
11,57.0,Male,Cleveland,asymptomatic,140.0,192.0,false,normal,148.0,false,0.4,flat,0,fixed defect,0,0
538,48.0,Male,Hungary,asymptomatic,160.0,193.0,false,normal,102.0,true,3.0,flat,,,1,1
264,44.0,Male,Cleveland,non-anginal,120.0,226.0,false,normal,169.0,false,0.0,upsloping,0,normal,0,0
906,61.0,Male,VA Long Beach,non-anginal,,284.0,false,normal,,,,,,,1,1
315,34.0,Male,Hungary,atypical angina,98.0,220.0,false,normal,150.0,false,0.0,,,,0,0
801,58.0,Male,VA Long Beach,asymptomatic,132.0,458.0,true,normal,69.0,false,1.0,downsloping,,,0,0
165,48.0,Male,Cleveland,non-anginal,124.0,255.0,true,normal,175.0,false,0.0,upsloping,2,normal,0,0
839,59.0,Male,VA Long Beach,asymptomatic,125.0,222.0,false,normal,135.0,true,2.5,downsloping,,,3,1
224,53.0,Male,Cleveland,asymptomatic,123.0,282.0,false,normal,95.0,true,2.0,flat,2,reversible defect,3,1
291,67.0,Male,Cleveland,non-anginal,152.0,212.0,false,lv hypertrophy,150.0,false,0.8,flat,0,reversible defect,1,1
156,70.0,Male,Cleveland,asymptomatic,130.0,322.0,false,lv hypertrophy,109.0,false,2.4,flat,3,normal,1,1
546,54.0,Male,Hungary,asymptomatic,130.0,242.0,false,normal,91.0,true,1.0,flat,,,1,1
92,62.0,Female,Cleveland,asymptomatic,160.0,164.0,false,lv hypertrophy,145.0,false,6.2,downsloping,3,reversible defect,3,1
349,41.0,Female,Hungary,atypical angina,110.0,250.0,false,st-t abnormality,142.0,false,0.0,,,,0,0
705,65.0,Male,Switzerland,asymptomatic,115.0,,false,normal,93.0,true,0.0,flat,,reversible defect,1,1
178,56.0,Male,Cleveland,asymptomatic,132.0,184.0,false,lv hypertrophy,105.0,true,2.1,flat,1,fixed defect,1,1
238,46.0,Male,Cleveland,asymptomatic,120.0,249.0,false,lv hypertrophy,144.0,false,0.8,upsloping,0,reversible defect,1,1
810,55.0,Male,VA Long Beach,non-anginal,,245.0,true,st-t abnormality,,,,,,,1,1
903,55.0,Male,VA Long Beach,asymptomatic,120.0,226.0,false,lv hypertrophy,127.0,true,1.7,downsloping,,reversible defect,1,1
891,53.0,Male,VA Long Beach,asymptomatic,124.0,243.0,false,normal,122.0,true,2.0,flat,,reversible defect,1,1
85,52.0,Male,Cleveland,atypical angina,120.0,325.0,false,normal,172.0,false,0.2,upsloping,0,normal,0,0
730,60.0,Male,VA Long Beach,atypical angina,160.0,267.0,true,st-t abnormality,157.0,false,0.5,flat,,,1,1
305,29.0,Male,Hungary,atypical angina,120.0,243.0,false,normal,160.0,false,0.0,,,,0,0
539,48.0,Male,Hungary,asymptomatic,160.0,329.0,false,normal,92.0,true,1.5,flat,,,1,1
866,54.0,Male,VA Long Beach,atypical angina,,182.0,false,st-t abnormality,,,,,,,0,0
342,39.0,Male,Hungary,asymptomatic,110.0,273.0,false,normal,132.0,false,0.0,,,,0,0
361,42.0,Male,Hungary,non-anginal,160.0,147.0,false,normal,146.0,false,0.0,,,,0,0
362,42.0,Male,Hungary,asymptomatic,140.0,358.0,false,normal,170.0,false,0.0,,,,0,0
393,47.0,Male,Hungary,asymptomatic,140.0,276.0,true,normal,125.0,true,0.0,,,,0,0
619,47.0,Male,Switzerland,non-anginal,155.0,,false,normal,118.0,true,1.0,flat,,normal,3,1
213,41.0,Male,Cleveland,non-anginal,130.0,214.0,false,lv hypertrophy,168.0,false,2.0,flat,0,normal,0,0
41,65.0,Female,Cleveland,asymptomatic,150.0,225.0,false,lv hypertrophy,114.0,false,1.0,flat,3,reversible defect,4,1
834,72.0,Male,VA Long Beach,asymptomatic,,211.0,false,normal,,,,,,,1,1
519,52.0,Male,Hungary,asymptomatic,130.0,225.0,false,normal,120.0,true,2.0,flat,,,1,1
831,65.0,Male,VA Long Beach,asymptomatic,,312.0,false,lv hypertrophy,,,,,,,3,1
703,64.0,Female,Switzerland,asymptomatic,95.0,,,normal,145.0,false,1.1,downsloping,,,1,1
200,59.0,Male,Cleveland,typical angina,160.0,273.0,false,lv hypertrophy,125.0,false,0.0,upsloping,0,normal,1,1
86,44.0,Male,Cleveland,non-anginal,140.0,235.0,false,lv hypertrophy,180.0,false,0.0,upsloping,0,normal,0,0
319,35.0,Male,Hungary,atypical angina,150.0,264.0,false,normal,168.0,false,0.0,,,,0,0
482,59.0,Female,Hungary,atypical angina,130.0,188.0,false,normal,124.0,false,1.0,flat,,,0,0
737,63.0,Male,VA Long Beach,asymptomatic,170.0,177.0,false,normal,84.0,true,2.5,downsloping,,,4,1
915,46.0,Male,VA Long Beach,asymptomatic,134.0,310.0,false,normal,126.0,false,0.0,,,normal,2,1
465,55.0,Male,Hungary,atypical angina,145.0,326.0,false,normal,155.0,false,0.0,,,,0,0
814,58.0,Male,VA Long Beach,asymptomatic,110.0,198.0,false,normal,110.0,false,0.0,,,,1,1
13,56.0,Male,Cleveland,non-anginal,130.0,256.0,true,lv hypertrophy,142.0,true,0.6,flat,1,fixed defect,2,1
509,47.0,Male,Hungary,asymptomatic,150.0,226.0,false,normal,98.0,true,1.5,flat,0,reversible defect,1,1
251,57.0,Male,Cleveland,asymptomatic,110.0,201.0,false,normal,126.0,true,1.5,flat,0,fixed defect,0,0
210,62.0,Female,Cleveland,asymptomatic,150.0,244.0,false,normal,154.0,true,1.4,flat,0,normal,1,1
755,52.0,Male,VA Long Beach,non-anginal,122.0,,false,normal,110.0,true,2.0,downsloping,,,2,1
286,58.0,Male,Cleveland,asymptomatic,114.0,318.0,false,st-t abnormality,140.0,false,4.4,downsloping,3,fixed defect,4,1
389,47.0,Female,Hungary,atypical angina,140.0,257.0,false,normal,135.0,false,1.0,upsloping,,,0,0
828,59.0,Male,VA Long Beach,asymptomatic,124.0,,false,normal,117.0,true,1.0,flat,,,1,1
628,51.0,Male,Switzerland,asymptomatic,110.0,,,normal,92.0,false,0.0,flat,,,4,1
502,41.0,Male,Hungary,asymptomatic,110.0,289.0,false,normal,170.0,false,0.0,,,fixed defect,1,1
308,31.0,Female,Hungary,atypical angina,100.0,219.0,false,st-t abnormality,150.0,false,0.0,,,,0,0
277,66.0,Female,Cleveland,non-anginal,146.0,278.0,false,lv hypertrophy,152.0,false,0.0,flat,1,normal,0,0
550,55.0,Male,Hungary,asymptomatic,140.0,268.0,false,normal,128.0,true,1.5,flat,,,1,1
863,58.0,Male,VA Long Beach,non-anginal,,232.0,false,st-t abnormality,,,,,,,2,1
659,56.0,Male,Switzerland,asymptomatic,125.0,,true,normal,103.0,true,1.0,flat,,reversible defect,3,1
758,60.0,Male,VA Long Beach,asymptomatic,120.0,,false,normal,133.0,true,2.0,upsloping,,reversible defect,0,0
339,39.0,Male,Hungary,atypical angina,190.0,241.0,false,normal,106.0,false,0.0,,,,0,0
517,50.0,Male,Hungary,asymptomatic,145.0,264.0,false,normal,150.0,false,0.0,,,,1,1
413,50.0,Female,Hungary,atypical angina,110.0,202.0,false,normal,145.0,false,0.0,,,,0,0
158,58.0,Male,Cleveland,asymptomatic,125.0,300.0,false,lv hypertrophy,171.0,false,0.0,upsloping,2,reversible defect,1,1
820,63.0,Male,VA Long Beach,non-anginal,130.0,,true,st-t abnormality,160.0,false,3.0,flat,,,0,0
651,55.0,Male,Switzerland,asymptomatic,120.0,,false,st-t abnormality,92.0,false,0.3,upsloping,,reversible defect,4,1
657,56.0,Male,Switzerland,asymptomatic,120.0,,false,st-t abnormality,100.0,true,-1.0,downsloping,,reversible defect,2,1
289,56.0,Male,Cleveland,atypical angina,130.0,221.0,false,lv hypertrophy,163.0,false,0.0,upsloping,0,reversible defect,0,0
477,57.0,Male,Hungary,atypical angina,140.0,260.0,true,normal,140.0,false,0.0,,,fixed defect,0,0
670,59.0,Male,Switzerland,non-anginal,125.0,,,normal,175.0,false,2.6,flat,,,1,1
749,56.0,Male,VA Long Beach,asymptomatic,120.0,100.0,false,normal,120.0,true,1.5,flat,0,reversible defect,1,1
511,48.0,Male,Hungary,asymptomatic,120.0,260.0,false,normal,115.0,false,2.0,flat,,,1,1
377,45.0,Female,Hungary,asymptomatic,132.0,297.0,false,normal,144.0,false,0.0,,,,0,0
370,43.0,Male,Hungary,atypical angina,142.0,207.0,false,normal,138.0,false,0.0,,,,0,0
466,55.0,Male,Hungary,non-anginal,110.0,277.0,false,normal,160.0,false,0.0,,,,0,0
296,41.0,Male,Cleveland,atypical angina,120.0,157.0,false,normal,182.0,false,0.0,upsloping,0,normal,0,0
111,61.0,Female,Cleveland,asymptomatic,145.0,307.0,false,lv hypertrophy,146.0,true,1.0,flat,0,reversible defect,1,1
140,51.0,Male,Cleveland,non-anginal,125.0,245.0,true,lv hypertrophy,166.0,false,2.4,flat,0,normal,0,0
476,57.0,Female,Hungary,asymptomatic,180.0,347.0,false,st-t abnormality,126.0,true,0.8,flat,,,0,0
104,71.0,Female,Cleveland,non-anginal,110.0,265.0,true,lv hypertrophy,130.0,false,0.0,upsloping,1,normal,0,0
481,58.0,Male,Hungary,asymptomatic,135.0,222.0,false,normal,100.0,false,0.0,,,,0,0
803,67.0,Male,VA Long Beach,asymptomatic,160.0,384.0,true,st-t abnormality,130.0,true,0.0,flat,,,2,1
652,55.0,Male,Switzerland,asymptomatic,140.0,,false,normal,83.0,false,0.0,flat,,reversible defect,2,1
157,51.0,Male,Cleveland,asymptomatic,140.0,299.0,false,normal,173.0,true,1.6,upsloping,0,reversible defect,1,1
20,49.0,Male,Cleveland,atypical angina,130.0,266.0,false,normal,171.0,false,0.6,upsloping,0,normal,0,0
872,71.0,Male,VA Long Beach,asymptomatic,130.0,221.0,false,st-t abnormality,115.0,true,0.0,,,,3,1
558,44.0,Male,Hungary,asymptomatic,130.0,290.0,false,normal,100.0,true,2.0,flat,,,1,1
416,50.0,Male,Hungary,atypical angina,140.0,216.0,false,normal,170.0,false,0.0,,,normal,0,0
775,53.0,Male,VA Long Beach,asymptomatic,126.0,,false,normal,106.0,false,0.0,,,,1,1
615,45.0,Male,Switzerland,non-anginal,110.0,,,normal,138.0,false,-0.1,upsloping,,,0,0
547,54.0,Male,Hungary,asymptomatic,130.0,603.0,true,normal,125.0,true,1.0,flat,,,1,1
760,59.0,Male,VA Long Beach,asymptomatic,154.0,,false,st-t abnormality,131.0,true,1.5,,0,,0,0
232,55.0,Female,Cleveland,asymptomatic,180.0,327.0,false,st-t abnormality,117.0,true,3.4,flat,0,normal,2,1
557,44.0,Male,Hungary,atypical angina,150.0,288.0,false,normal,150.0,true,3.0,flat,,,1,1
751,54.0,Male,VA Long Beach,asymptomatic,,,false,st-t abnormality,,,,,,,3,1
832,61.0,Male,VA Long Beach,atypical angina,,283.0,false,normal,,,,,,,0,0
317,35.0,Female,Hungary,asymptomatic,140.0,167.0,false,normal,150.0,false,0.0,,,,0,0
620,47.0,Male,Switzerland,asymptomatic,110.0,,,st-t abnormality,149.0,false,2.1,upsloping,,,2,1
457,54.0,Male,Hungary,non-anginal,120.0,217.0,false,normal,137.0,false,0.0,,,,0,0
26,50.0,Female,Cleveland,non-anginal,120.0,219.0,false,normal,158.0,false,1.6,flat,0,normal,0,0
152,42.0,Female,Cleveland,asymptomatic,102.0,265.0,false,lv hypertrophy,122.0,false,0.6,flat,0,normal,0,0
777,53.0,Male,VA Long Beach,asymptomatic,154.0,,,st-t abnormality,140.0,true,1.5,flat,,,2,1
514,49.0,Male,Hungary,non-anginal,115.0,265.0,false,normal,175.0,false,0.0,,,,1,1
154,55.0,Male,Cleveland,asymptomatic,160.0,289.0,false,lv hypertrophy,145.0,true,0.8,flat,1,reversible defect,4,1
440,53.0,Male,Hungary,non-anginal,120.0,195.0,false,normal,140.0,false,0.0,,,,0,0
542,52.0,Male,Hungary,asymptomatic,120.0,182.0,false,normal,150.0,false,0.0,,,,1,1
663,57.0,Male,Switzerland,asymptomatic,140.0,,false,normal,120.0,true,2.0,flat,,fixed defect,2,1
782,61.0,Male,VA Long Beach,asymptomatic,110.0,,,normal,108.0,true,2.0,downsloping,,,2,1
38,57.0,Male,Cleveland,asymptomatic,150.0,276.0,false,lv hypertrophy,112.0,true,0.6,flat,1,fixed defect,1,1
239,49.0,Female,Cleveland,atypical angina,134.0,271.0,false,normal,162.0,false,0.0,flat,0,normal,0,0
27,58.0,Female,Cleveland,non-anginal,120.0,340.0,false,normal,172.0,false,0.0,upsloping,0,normal,0,0
614,43.0,Male,Switzerland,asymptomatic,140.0,,false,st-t abnormality,140.0,true,0.5,upsloping,,reversible defect,2,1
12,56.0,Female,Cleveland,atypical angina,140.0,294.0,false,lv hypertrophy,153.0,false,1.3,flat,0,normal,0,0
169,35.0,Male,Cleveland,asymptomatic,126.0,282.0,false,lv hypertrophy,156.0,true,0.0,upsloping,0,reversible defect,1,1
5,41.0,Female,Cleveland,atypical angina,130.0,204.0,false,lv hypertrophy,172.0,false,1.4,upsloping,0,normal,0,0
380,45.0,Male,Hungary,asymptomatic,120.0,225.0,false,normal,140.0,false,0.0,,,,0,0
725,66.0,Male,VA Long Beach,non-anginal,110.0,213.0,true,lv hypertrophy,99.0,true,1.3,flat,,,0,0
645,53.0,Male,Switzerland,asymptomatic,80.0,,,normal,141.0,true,2.0,downsloping,,,0,0
595,56.0,Male,Hungary,asymptomatic,155.0,342.0,true,normal,150.0,true,3.0,flat,,,1,1
318,35.0,Male,Hungary,atypical angina,120.0,308.0,false,lv hypertrophy,180.0,false,0.0,,,,0,0
344,40.0,Male,Hungary,atypical angina,130.0,275.0,false,normal,150.0,false,0.0,,,,0,0
618,47.0,Male,Switzerland,non-anginal,110.0,,,normal,120.0,true,0.0,,,normal,1,1
448,54.0,Female,Hungary,atypical angina,140.0,309.0,,st-t abnormality,140.0,false,0.0,,,,0,0
473,56.0,Male,Hungary,non-anginal,130.0,276.0,false,normal,128.0,true,1.0,upsloping,,fixed defect,0,0
809,62.0,Male,VA Long Beach,asymptomatic,158.0,210.0,true,normal,112.0,true,3.0,downsloping,,,1,1
764,41.0,Male,VA Long Beach,asymptomatic,104.0,,false,st-t abnormality,111.0,false,0.0,,,,0,0
668,58.0,Male,Switzerland,asymptomatic,130.0,,false,st-t abnormality,100.0,true,1.0,flat,,fixed defect,4,1
430,52.0,Female,Hungary,asymptomatic,130.0,180.0,false,normal,140.0,true,1.5,flat,,,0,0
784,56.0,Male,VA Long Beach,non-anginal,170.0,,false,lv hypertrophy,123.0,true,2.5,,,,4,1
201,50.0,Female,Cleveland,asymptomatic,110.0,254.0,false,lv hypertrophy,159.0,false,0.0,upsloping,0,normal,0,0
516,50.0,Female,Hungary,non-anginal,140.0,288.0,false,normal,140.0,true,0.0,,,reversible defect,1,1
36,42.0,Male,Cleveland,asymptomatic,140.0,226.0,false,normal,178.0,false,0.0,upsloping,0,normal,0,0
302,57.0,Female,Cleveland,atypical angina,130.0,236.0,false,lv hypertrophy,174.0,false,0.0,flat,1,normal,1,1
819,43.0,Male,VA Long Beach,asymptomatic,122.0,,false,normal,120.0,false,0.5,upsloping,,,1,1
196,67.0,Male,Cleveland,asymptomatic,100.0,299.0,false,lv hypertrophy,125.0,true,0.9,flat,2,normal,3,1
168,54.0,Female,Cleveland,atypical angina,132.0,288.0,true,lv hypertrophy,159.0,true,0.0,upsloping,1,normal,0,0
453,54.0,Male,Hungary,atypical angina,120.0,238.0,false,normal,154.0,false,0.0,,,,0,0
301,57.0,Male,Cleveland,asymptomatic,130.0,131.0,false,normal,115.0,true,1.2,flat,1,reversible defect,3,1
61,51.0,Female,Cleveland,asymptomatic,130.0,305.0,false,normal,142.0,true,1.2,flat,0,reversible defect,2,1
625,50.0,Male,Switzerland,asymptomatic,120.0,,false,st-t abnormality,156.0,true,0.0,upsloping,,fixed defect,3,1
150,60.0,Female,Cleveland,non-anginal,102.0,318.0,false,normal,160.0,false,0.0,upsloping,1,normal,0,0
768,51.0,Male,VA Long Beach,asymptomatic,128.0,,false,normal,107.0,false,0.0,,,,0,0
873,38.0,Male,VA Long Beach,asymptomatic,110.0,289.0,false,normal,105.0,true,1.5,downsloping,,,1,1
545,54.0,Male,Hungary,non-anginal,120.0,237.0,false,normal,150.0,true,1.5,,,reversible defect,1,1
479,58.0,Male,Hungary,atypical angina,130.0,251.0,false,normal,110.0,false,0.0,,,,0,0
490,62.0,Female,Hungary,typical angina,160.0,193.0,false,normal,116.0,false,0.0,,,,0,0
804,62.0,Male,VA Long Beach,asymptomatic,135.0,297.0,false,normal,130.0,true,1.0,flat,,,2,1
141,59.0,Male,Cleveland,atypical angina,140.0,221.0,false,normal,164.0,true,0.0,upsloping,0,normal,0,0
671,59.0,Male,Switzerland,asymptomatic,110.0,,,normal,94.0,false,0.0,,,fixed defect,3,1
458,54.0,Male,Hungary,non-anginal,150.0,,false,normal,122.0,false,0.0,,,,0,0
226,34.0,Female,Cleveland,atypical angina,118.0,210.0,false,normal,192.0,false,0.7,upsloping,0,normal,0,0
757,60.0,Male,VA Long Beach,asymptomatic,,281.0,false,st-t abnormality,,,,,,,2,1
895,63.0,Male,VA Long Beach,atypical angina,,165.0,false,st-t abnormality,,,,,,,0,0
120,65.0,Male,Cleveland,asymptomatic,135.0,254.0,false,lv hypertrophy,127.0,false,2.8,flat,1,reversible defect,2,1
746,69.0,Male,VA Long Beach,asymptomatic,130.0,,true,st-t abnormality,129.0,false,1.0,flat,,fixed defect,2,1
649,55.0,Male,Switzerland,atypical angina,140.0,,,st-t abnormality,150.0,false,0.2,upsloping,,,0,0
340,39.0,Male,Hungary,non-anginal,120.0,339.0,false,normal,170.0,false,0.0,,,,0,0
869,57.0,Male,VA Long Beach,asymptomatic,144.0,270.0,true,st-t abnormality,160.0,true,2.0,flat,,,3,1
250,62.0,Male,Cleveland,atypical angina,128.0,208.0,true,lv hypertrophy,140.0,false,0.0,upsloping,0,normal,0,0
395,48.0,Female,Hungary,atypical angina,120.0,,true,st-t abnormality,148.0,false,0.0,,,,0,0
322,36.0,Male,Hungary,non-anginal,130.0,209.0,false,normal,178.0,false,0.0,,,,0,0
691,62.0,Female,Switzerland,asymptomatic,120.0,,,st-t abnormality,123.0,true,1.7,downsloping,,,1,1
1,63.0,Male,Cleveland,typical angina,145.0,233.0,true,lv hypertrophy,150.0,false,2.3,downsloping,0,fixed defect,0,0
612,43.0,Male,Switzerland,asymptomatic,100.0,,,normal,122.0,false,1.5,downsloping,,,3,1
523,57.0,Male,Hungary,atypical angina,140.0,265.0,false,st-t abnormality,145.0,true,1.0,flat,,,1,1
14,44.0,Male,Cleveland,atypical angina,120.0,263.0,false,normal,173.0,false,0.0,upsloping,0,reversible defect,0,0
288,58.0,Male,Cleveland,atypical angina,125.0,220.0,false,normal,144.0,false,0.4,flat,,reversible defect,0,0
387,46.0,Male,Hungary,asymptomatic,110.0,240.0,false,st-t abnormality,140.0,false,0.0,,,normal,0,0
203,57.0,Male,Cleveland,non-anginal,150.0,126.0,true,normal,173.0,false,0.2,upsloping,1,reversible defect,0,0
686,61.0,Male,Switzerland,asymptomatic,130.0,,,normal,77.0,false,2.5,flat,,,3,1
118,35.0,Female,Cleveland,asymptomatic,138.0,183.0,false,normal,182.0,false,1.4,upsloping,0,normal,0,0
271,61.0,Male,Cleveland,asymptomatic,140.0,207.0,false,lv hypertrophy,138.0,true,1.9,upsloping,1,reversible defect,1,1
808,51.0,Male,VA Long Beach,asymptomatic,,227.0,true,st-t abnormality,,,,,,,0,0
488,61.0,Female,Hungary,asymptomatic,130.0,294.0,false,st-t abnormality,120.0,true,1.0,flat,,,0,0
262,58.0,Female,Cleveland,atypical angina,136.0,319.0,true,lv hypertrophy,152.0,false,0.0,upsloping,2,normal,3,1
293,44.0,Male,Cleveland,asymptomatic,120.0,169.0,false,normal,144.0,true,2.8,downsloping,0,fixed defect,2,1
802,61.0,Male,VA Long Beach,asymptomatic,146.0,241.0,false,normal,148.0,true,3.0,downsloping,,,2,1
761,61.0,Male,VA Long Beach,non-anginal,120.0,,false,normal,80.0,true,0.0,flat,,,3,1
608,40.0,Male,Switzerland,asymptomatic,95.0,,,st-t abnormality,144.0,false,0.0,upsloping,,,2,1
792,57.0,Male,VA Long Beach,asymptomatic,140.0,214.0,false,st-t abnormality,144.0,true,2.0,flat,,fixed defect,2,1
865,54.0,Male,VA Long Beach,non-anginal,,203.0,false,st-t abnormality,,,,,,,0,0
230,66.0,Male,Cleveland,asymptomatic,112.0,212.0,false,lv hypertrophy,132.0,true,0.1,upsloping,1,normal,2,1
252,58.0,Male,Cleveland,asymptomatic,146.0,218.0,false,normal,105.0,false,2.0,flat,1,reversible defect,1,1
29,43.0,Male,Cleveland,asymptomatic,150.0,247.0,false,normal,171.0,false,1.5,upsloping,0,normal,0,0
316,35.0,Female,Hungary,typical angina,120.0,160.0,false,st-t abnormality,185.0,false,0.0,,,,0,0
162,77.0,Male,Cleveland,asymptomatic,125.0,304.0,false,lv hypertrophy,162.0,true,0.0,upsloping,3,normal,4,1
750,55.0,Male,VA Long Beach,non-anginal,,228.0,false,st-t abnormality,,,,,,,3,1
524,58.0,Male,Hungary,non-anginal,130.0,213.0,false,st-t abnormality,140.0,false,0.0,,,fixed defect,1,1
116,41.0,Male,Cleveland,atypical angina,135.0,203.0,false,normal,132.0,false,0.0,flat,0,fixed defect,0,0
715,69.0,Male,Switzerland,asymptomatic,,,false,st-t abnormality,,,,,,reversible defect,3,1
898,64.0,Male,VA Long Beach,asymptomatic,130.0,258.0,true,lv hypertrophy,130.0,false,0.0,,,fixed defect,2,1
324,37.0,Female,Hungary,atypical angina,120.0,260.0,false,normal,130.0,false,0.0,,,,0,0
701,63.0,Male,Switzerland,asymptomatic,185.0,,false,normal,98.0,true,0.0,upsloping,,reversible defect,1,1
653,56.0,Male,Switzerland,non-anginal,120.0,,false,normal,97.0,false,0.0,flat,,reversible defect,0,0
386,46.0,Male,Hungary,asymptomatic,110.0,238.0,false,st-t abnormality,140.0,true,1.0,flat,,normal,0,0
43,71.0,Female,Cleveland,atypical angina,160.0,302.0,false,normal,162.0,false,0.4,upsloping,2,normal,0,0
347,40.0,Male,Hungary,non-anginal,130.0,281.0,false,normal,167.0,false,0.0,,,,0,0
151,52.0,Male,Cleveland,typical angina,152.0,298.0,true,normal,178.0,false,1.2,flat,0,reversible defect,0,0
531,39.0,Male,Hungary,asymptomatic,110.0,280.0,false,normal,150.0,false,0.0,,,fixed defect,1,1
472,56.0,Male,Hungary,non-anginal,130.0,,false,normal,114.0,false,0.0,,,,0,0
464,55.0,Male,Hungary,atypical angina,140.0,196.0,false,normal,150.0,false,0.0,,,reversible defect,0,0
564,51.0,Male,Hungary,non-anginal,135.0,160.0,false,normal,150.0,false,2.0,flat,,,1,1
847,54.0,Female,VA Long Beach,asymptomatic,138.0,274.0,false,normal,105.0,true,1.5,flat,,,1,1
363,43.0,Female,Hungary,typical angina,100.0,223.0,false,normal,142.0,false,0.0,,,,0,0
878,72.0,Male,VA Long Beach,asymptomatic,160.0,,true,lv hypertrophy,130.0,false,1.5,,,,2,1
732,59.0,Male,VA Long Beach,asymptomatic,140.0,,false,st-t abnormality,117.0,true,1.0,flat,,,1,1
257,67.0,Female,Cleveland,asymptomatic,106.0,223.0,false,normal,142.0,false,0.3,upsloping,2,normal,0,0
672,59.0,Male,Switzerland,asymptomatic,120.0,,false,normal,115.0,false,0.0,flat,,normal,2,1
249,52.0,Male,Cleveland,asymptomatic,125.0,212.0,false,normal,168.0,false,1.0,upsloping,2,reversible defect,3,1
6,56.0,Male,Cleveland,atypical angina,120.0,236.0,false,normal,178.0,false,0.8,upsloping,0,normal,0,0
823,48.0,Male,VA Long Beach,non-anginal,102.0,,,st-t abnormality,110.0,true,1.0,downsloping,,,1,1
350,41.0,Female,Hungary,atypical angina,125.0,184.0,false,normal,180.0,false,0.0,,,,0,0
300,68.0,Male,Cleveland,asymptomatic,144.0,193.0,true,normal,141.0,false,3.4,flat,2,reversible defect,2,1
696,62.0,Male,Switzerland,asymptomatic,150.0,,,st-t abnormality,78.0,false,2.0,flat,,reversible defect,3,1
326,37.0,Female,Hungary,asymptomatic,130.0,173.0,false,st-t abnormality,184.0,false,0.0,,,,0,0
8,57.0,Female,Cleveland,asymptomatic,120.0,354.0,false,normal,163.0,true,0.6,upsloping,0,normal,0,0
255,43.0,Male,Cleveland,asymptomatic,115.0,303.0,false,normal,181.0,false,1.2,flat,0,normal,0,0
720,74.0,Male,Switzerland,atypical angina,145.0,,,st-t abnormality,123.0,false,1.3,upsloping,,,1,1
334,39.0,Female,Hungary,non-anginal,110.0,182.0,false,st-t abnormality,180.0,false,0.0,,,,0,0
53,44.0,Male,Cleveland,asymptomatic,112.0,290.0,false,lv hypertrophy,153.0,false,0.0,upsloping,1,normal,2,1
153,67.0,Female,Cleveland,non-anginal,115.0,564.0,false,lv hypertrophy,160.0,false,1.6,flat,0,reversible defect,0,0
560,47.0,Female,Hungary,non-anginal,135.0,248.0,true,normal,170.0,false,0.0,,,,1,1
522,55.0,Male,Hungary,asymptomatic,140.0,201.0,false,normal,130.0,true,3.0,flat,,,1,1
74,65.0,Male,Cleveland,asymptomatic,110.0,248.0,false,lv hypertrophy,158.0,false,0.6,upsloping,2,fixed defect,1,1
534,45.0,Male,Hungary,asymptomatic,130.0,219.0,false,st-t abnormality,130.0,true,1.0,flat,,,1,1
358,42.0,Male,Hungary,atypical angina,120.0,198.0,false,normal,155.0,false,0.0,,,,0,0
791,55.0,Male,VA Long Beach,atypical angina,110.0,214.0,true,st-t abnormality,180.0,false,,,,,0,0
254,51.0,Female,Cleveland,non-anginal,120.0,295.0,false,lv hypertrophy,157.0,false,0.6,upsloping,0,normal,0,0
33,64.0,Male,Cleveland,non-anginal,140.0,335.0,false,normal,158.0,false,0.0,upsloping,0,normal,1,1
139,35.0,Male,Cleveland,asymptomatic,120.0,198.0,false,normal,130.0,true,1.6,flat,0,reversible defect,1,1
579,59.0,Male,Hungary,asymptomatic,130.0,,false,normal,125.0,false,0.0,,,,1,1
130,62.0,Female,Cleveland,asymptomatic,124.0,209.0,false,normal,163.0,false,0.0,upsloping,0,normal,0,0
785,58.0,Male,VA Long Beach,atypical angina,126.0,,true,normal,110.0,true,2.0,flat,,,2,1
526,60.0,Male,Hungary,asymptomatic,100.0,248.0,false,normal,125.0,false,1.0,flat,,,1,1
215,52.0,Male,Cleveland,asymptomatic,112.0,230.0,false,normal,160.0,false,0.0,upsloping,1,normal,1,1
143,52.0,Male,Cleveland,atypical angina,128.0,205.0,true,normal,184.0,false,0.0,upsloping,0,normal,0,0
16,57.0,Male,Cleveland,non-anginal,150.0,168.0,false,normal,174.0,false,1.6,upsloping,0,normal,0,0
214,66.0,Female,Cleveland,asymptomatic,178.0,228.0,true,normal,165.0,true,1.0,flat,2,reversible defect,3,1
64,54.0,Female,Cleveland,non-anginal,135.0,304.0,true,normal,170.0,false,0.0,upsloping,0,normal,0,0
394,48.0,Female,Hungary,atypical angina,,308.0,false,st-t abnormality,,,2.0,upsloping,,,0,0
275,59.0,Male,Cleveland,typical angina,134.0,204.0,false,normal,162.0,false,0.8,upsloping,2,normal,1,1
848,70.0,Male,VA Long Beach,asymptomatic,170.0,192.0,false,st-t abnormality,129.0,true,3.0,downsloping,,,2,1
47,51.0,Male,Cleveland,non-anginal,110.0,175.0,false,normal,123.0,false,0.6,upsloping,0,normal,0,0
268,59.0,Male,Cleveland,non-anginal,126.0,218.0,true,normal,134.0,false,2.2,flat,1,fixed defect,2,1
18,54.0,Male,Cleveland,asymptomatic,140.0,239.0,false,normal,160.0,false,1.2,upsloping,0,normal,0,0
351,41.0,Female,Hungary,atypical angina,130.0,245.0,false,normal,150.0,false,0.0,,,,0,0
246,67.0,Male,Cleveland,asymptomatic,120.0,237.0,false,normal,71.0,false,1.0,flat,0,normal,2,1
71,65.0,Female,Cleveland,non-anginal,155.0,269.0,false,normal,148.0,false,0.8,upsloping,0,normal,0,0
796,75.0,Male,VA Long Beach,asymptomatic,170.0,203.0,true,st-t abnormality,108.0,false,0.0,,,reversible defect,1,1
17,48.0,Male,Cleveland,atypical angina,110.0,229.0,false,normal,168.0,false,1.0,downsloping,0,reversible defect,1,1
75,44.0,Male,Cleveland,asymptomatic,110.0,197.0,false,lv hypertrophy,177.0,false,0.0,upsloping,1,normal,1,1
368,43.0,Female,Hungary,atypical angina,150.0,186.0,false,normal,154.0,false,0.0,,,,0,0
762,40.0,Male,VA Long Beach,asymptomatic,125.0,,true,normal,165.0,false,0.0,,,reversible defect,1,1
798,51.0,Male,VA Long Beach,non-anginal,,339.0,false,normal,,,,,,,3,1
859,53.0,Male,VA Long Beach,non-anginal,155.0,175.0,true,st-t abnormality,160.0,false,,,,fixed defect,0,0
198,45.0,Female,Cleveland,asymptomatic,138.0,236.0,false,lv hypertrophy,152.0,true,0.2,flat,0,normal,0,0
376,45.0,Female,Hungary,atypical angina,180.0,,false,normal,180.0,false,0.0,,,,0,0
675,60.0,Male,Switzerland,non-anginal,115.0,,,normal,143.0,false,2.4,upsloping,,,1,1
518,51.0,Female,Hungary,asymptomatic,160.0,303.0,false,normal,150.0,true,1.0,flat,,,1,1
126,45.0,Female,Cleveland,atypical angina,130.0,234.0,false,lv hypertrophy,175.0,false,0.6,flat,0,normal,0,0
501,40.0,Male,Hungary,asymptomatic,120.0,466.0,,normal,152.0,true,1.0,flat,,fixed defect,1,1
112,56.0,Male,Cleveland,asymptomatic,125.0,249.0,true,lv hypertrophy,144.0,true,1.2,flat,1,normal,1,1
647,54.0,Male,Switzerland,asymptomatic,130.0,,,normal,110.0,true,3.0,flat,,reversible defect,3,1
443,53.0,Male,Hungary,asymptomatic,140.0,243.0,false,normal,155.0,false,0.0,,,,0,0
797,49.0,Male,VA Long Beach,typical angina,130.0,,false,st-t abnormality,145.0,false,3.0,flat,,,2,1
793,65.0,Male,VA Long Beach,typical angina,,252.0,false,normal,,,,,,,0,0
81,45.0,Male,Cleveland,asymptomatic,104.0,208.0,false,lv hypertrophy,148.0,true,3.0,flat,0,normal,0,0
616,46.0,Male,Switzerland,asymptomatic,100.0,,,st-t abnormality,133.0,false,-2.6,flat,,,1,1
422,51.0,Female,Hungary,non-anginal,130.0,220.0,false,normal,160.0,true,2.0,upsloping,,,0,0
487,60.0,Male,Hungary,non-anginal,120.0,246.0,false,lv hypertrophy,135.0,false,0.0,,,,0,0
423,51.0,Female,Hungary,non-anginal,150.0,200.0,false,normal,120.0,false,0.5,upsloping,,,0,0
174,62.0,Female,Cleveland,asymptomatic,140.0,394.0,false,lv hypertrophy,157.0,false,1.2,flat,0,normal,0,0
149,45.0,Male,Cleveland,atypical angina,128.0,308.0,false,lv hypertrophy,170.0,false,0.0,upsloping,0,normal,0,0
884,69.0,Male,VA Long Beach,asymptomatic,,289.0,true,st-t abnormality,,,,,,,3,1
177,52.0,Male,Cleveland,asymptomatic,108.0,233.0,true,normal,147.0,false,0.1,upsloping,3,reversible defect,0,0
343,39.0,Male,Hungary,asymptomatic,130.0,307.0,false,normal,140.0,false,0.0,,,,0,0
780,59.0,Male,VA Long Beach,asymptomatic,178.0,,true,lv hypertrophy,120.0,true,0.0,,,reversible defect,1,1
525,59.0,Female,Hungary,asymptomatic,130.0,338.0,true,st-t abnormality,130.0,true,1.5,flat,,,1,1
661,57.0,Male,Switzerland,non-anginal,105.0,,,normal,148.0,false,0.3,flat,,,1,1
822,65.0,Male,VA Long Beach,asymptomatic,150.0,235.0,false,normal,120.0,true,1.5,flat,,,3,1
563,49.0,Male,Hungary,asymptomatic,140.0,234.0,false,normal,140.0,true,1.0,flat,,,1,1
636,52.0,Male,Switzerland,asymptomatic,165.0,,,normal,122.0,true,1.0,upsloping,,reversible defect,2,1
552,57.0,Male,Hungary,asymptomatic,150.0,255.0,false,normal,92.0,true,3.0,flat,,,1,1
643,53.0,Male,Switzerland,asymptomatic,125.0,,,normal,120.0,false,1.5,upsloping,,,4,1
260,57.0,Male,Cleveland,atypical angina,124.0,261.0,false,normal,141.0,false,0.3,upsloping,0,reversible defect,1,1
108,57.0,Male,Cleveland,non-anginal,128.0,229.0,false,lv hypertrophy,150.0,false,0.4,flat,1,reversible defect,1,1
364,43.0,Female,Hungary,atypical angina,120.0,201.0,false,normal,165.0,false,0.0,,,,0,0
217,46.0,Female,Cleveland,atypical angina,105.0,204.0,false,normal,172.0,false,0.0,upsloping,0,normal,0,0
113,52.0,Male,Cleveland,typical angina,118.0,186.0,false,lv hypertrophy,190.0,false,0.0,flat,0,fixed defect,0,0
492,31.0,Male,Hungary,asymptomatic,120.0,270.0,false,normal,153.0,true,1.5,flat,,,1,1
917,62.0,Male,VA Long Beach,typical angina,,139.0,false,st-t abnormality,,,,,,,0,0
880,56.0,Male,VA Long Beach,asymptomatic,,282.0,true,normal,,,,,,,1,1
429,52.0,Female,Hungary,non-anginal,125.0,272.0,false,normal,139.0,false,0.0,,,,0,0
527,63.0,Male,Hungary,asymptomatic,150.0,223.0,false,normal,115.0,false,0.0,,,,1,1
571,54.0,Male,Hungary,asymptomatic,140.0,216.0,false,normal,105.0,false,1.5,flat,,,1,1
641,53.0,Male,Switzerland,non-anginal,160.0,,,lv hypertrophy,122.0,true,0.0,,,reversible defect,1,1
129,44.0,Male,Cleveland,atypical angina,120.0,220.0,false,normal,170.0,false,0.0,upsloping,0,normal,0,0
723,60.0,Male,VA Long Beach,asymptomatic,132.0,218.0,false,st-t abnormality,140.0,true,1.5,downsloping,,,2,1
503,41.0,Male,Hungary,asymptomatic,120.0,237.0,,normal,138.0,true,1.0,flat,,,1,1
685,61.0,Male,Switzerland,asymptomatic,130.0,,false,lv hypertrophy,115.0,false,0.0,flat,,reversible defect,3,1
562,49.0,Male,Hungary,asymptomatic,130.0,341.0,false,normal,120.0,true,1.0,flat,,,1,1
433,52.0,Male,Hungary,atypical angina,160.0,196.0,false,normal,165.0,false,0.0,,,,0,0
66,60.0,Male,Cleveland,asymptomatic,145.0,282.0,false,lv hypertrophy,142.0,true,2.8,flat,2,reversible defect,2,1
789,65.0,Male,VA Long Beach,asymptomatic,,,false,normal,,,,,,,1,1
425,51.0,Male,Hungary,atypical angina,130.0,224.0,false,normal,150.0,false,0.0,,,,0,0
131,54.0,Male,Cleveland,non-anginal,120.0,258.0,false,lv hypertrophy,147.0,false,0.4,flat,0,reversible defect,0,0
682,61.0,Male,Switzerland,asymptomatic,105.0,,,normal,110.0,true,1.5,upsloping,,,1,1
136,55.0,Female,Cleveland,atypical angina,135.0,250.0,false,lv hypertrophy,161.0,false,1.4,flat,0,normal,0,0
474,56.0,Male,Hungary,asymptomatic,120.0,85.0,false,normal,140.0,false,0.0,,,,0,0
426,51.0,Male,Hungary,asymptomatic,130.0,179.0,false,normal,100.0,false,0.0,,,reversible defect,0,0
702,64.0,Female,Switzerland,asymptomatic,200.0,,false,normal,140.0,true,1.0,flat,,normal,3,1
588,49.0,Male,Hungary,asymptomatic,128.0,212.0,false,normal,96.0,true,0.0,,,,1,1
176,57.0,Male,Cleveland,asymptomatic,152.0,274.0,false,normal,88.0,true,1.2,flat,1,reversible defect,1,1
234,74.0,Female,Cleveland,atypical angina,120.0,269.0,false,lv hypertrophy,121.0,true,0.2,upsloping,1,normal,0,0
259,70.0,Male,Cleveland,atypical angina,156.0,245.0,false,lv hypertrophy,143.0,false,0.0,upsloping,0,normal,0,0
438,53.0,Male,Hungary,atypical angina,120.0,,false,normal,132.0,false,0.0,,,,0,0
494,34.0,Male,Hungary,typical angina,140.0,156.0,false,normal,180.0,false,0.0,,,,1,1
838,63.0,Male,VA Long Beach,asymptomatic,110.0,252.0,false,st-t abnormality,140.0,true,2.0,flat,,,2,1
408,49.0,Female,Hungary,non-anginal,130.0,207.0,false,st-t abnormality,135.0,false,0.0,,,,0,0
747,51.0,Male,VA Long Beach,asymptomatic,,,true,st-t abnormality,,,,,,,2,1
32,60.0,Male,Cleveland,asymptomatic,117.0,230.0,true,normal,160.0,true,1.4,upsloping,2,reversible defect,2,1
379,45.0,Male,Hungary,non-anginal,135.0,,false,normal,110.0,false,0.0,,,,0,0
889,64.0,Male,VA Long Beach,asymptomatic,,244.0,true,st-t abnormality,,,,,,,2,1
790,63.0,Male,VA Long Beach,atypical angina,,217.0,true,st-t abnormality,,,,,,,1,1
240,42.0,Male,Cleveland,atypical angina,120.0,295.0,false,normal,162.0,false,0.0,upsloping,0,normal,0,0
28,66.0,Female,Cleveland,typical angina,150.0,226.0,false,normal,114.0,false,2.6,downsloping,0,normal,0,0
459,54.0,Male,Hungary,asymptomatic,150.0,365.0,false,st-t abnormality,134.0,false,1.0,upsloping,,,0,0
366,43.0,Female,Hungary,atypical angina,120.0,249.0,false,st-t abnormality,176.0,false,0.0,,,,0,0
124,55.0,Male,Cleveland,asymptomatic,140.0,217.0,false,normal,111.0,true,5.6,downsloping,0,reversible defect,3,1
787,67.0,Male,VA Long Beach,typical angina,142.0,270.0,true,normal,125.0,false,2.5,upsloping,,,3,1
313,34.0,Female,Hungary,atypical angina,130.0,161.0,false,normal,190.0,false,0.0,,,,0,0
356,42.0,Female,Hungary,non-anginal,115.0,211.0,false,st-t abnormality,137.0,false,0.0,,,,0,0
478,58.0,Male,Hungary,atypical angina,130.0,230.0,false,normal,150.0,false,0.0,,,,0,0
851,48.0,Male,VA Long Beach,non-anginal,132.0,220.0,true,st-t abnormality,162.0,false,0.0,,,fixed defect,1,1
585,44.0,Male,Hungary,asymptomatic,135.0,491.0,false,normal,135.0,false,0.0,,,,1,1
543,52.0,Male,Hungary,asymptomatic,170.0,,false,normal,126.0,true,1.5,flat,,,1,1
767,59.0,Male,VA Long Beach,asymptomatic,122.0,233.0,false,normal,117.0,true,1.3,downsloping,,,1,1
204,64.0,Female,Cleveland,non-anginal,140.0,313.0,false,normal,133.0,false,0.2,upsloping,0,reversible defect,0,0
304,28.0,Male,Cleveland,atypical angina,130.0,132.0,false,lv hypertrophy,185.0,false,0.0,,,,0,0
336,39.0,Male,Hungary,atypical angina,120.0,200.0,false,normal,160.0,true,1.0,flat,,,0,0
77,60.0,Male,Cleveland,asymptomatic,125.0,258.0,false,lv hypertrophy,141.0,true,2.8,flat,1,reversible defect,1,1
30,40.0,Male,Cleveland,asymptomatic,110.0,167.0,false,lv hypertrophy,114.0,true,2.0,flat,0,reversible defect,3,1
783,57.0,Male,VA Long Beach,asymptomatic,130.0,311.0,,st-t abnormality,148.0,true,2.0,flat,,,1,1
261,44.0,Female,Cleveland,non-anginal,118.0,242.0,false,normal,149.0,false,0.3,flat,1,normal,0,0
50,53.0,Male,Cleveland,non-anginal,130.0,197.0,true,lv hypertrophy,152.0,false,1.2,downsloping,0,normal,0,0
594,54.0,Female,Hungary,non-anginal,130.0,294.0,false,st-t abnormality,100.0,true,0.0,flat,,,1,1
559,46.0,Male,Hungary,typical angina,140.0,272.0,true,normal,175.0,false,2.0,flat,,,1,1
418,50.0,Male,Hungary,asymptomatic,140.0,129.0,false,normal,135.0,false,0.0,,,,0,0
862,56.0,Male,VA Long Beach,non-anginal,,208.0,true,st-t abnormality,,,,,,,4,1
119,63.0,Male,Cleveland,asymptomatic,130.0,330.0,true,lv hypertrophy,132.0,true,1.8,upsloping,3,reversible defect,3,1
272,66.0,Male,Cleveland,asymptomatic,160.0,228.0,false,lv hypertrophy,138.0,false,2.3,upsloping,0,fixed defect,0,0
752,77.0,Male,VA Long Beach,asymptomatic,124.0,171.0,false,st-t abnormality,110.0,true,2.0,upsloping,,,3,1
278,39.0,Female,Cleveland,non-anginal,138.0,220.0,false,normal,152.0,false,0.0,flat,0,normal,0,0
664,57.0,Male,Switzerland,asymptomatic,140.0,,,normal,100.0,true,0.0,,,fixed defect,3,1
681,61.0,Male,Switzerland,non-anginal,200.0,,,st-t abnormality,70.0,false,0.0,,,normal,3,1
284,35.0,Male,Cleveland,atypical angina,122.0,192.0,false,normal,174.0,false,0.0,upsloping,0,normal,0,0
680,60.0,Male,Switzerland,asymptomatic,160.0,,,normal,149.0,false,0.4,flat,,,1,1
617,46.0,Male,Switzerland,asymptomatic,115.0,,false,normal,113.0,true,1.5,flat,,reversible defect,1,1
800,64.0,Female,VA Long Beach,asymptomatic,142.0,276.0,false,normal,140.0,true,1.0,flat,,reversible defect,1,1
452,54.0,Male,Hungary,atypical angina,110.0,208.0,false,normal,142.0,false,0.0,,,,0,0
855,55.0,Male,VA Long Beach,asymptomatic,172.0,260.0,false,normal,73.0,false,2.0,,,,3,1
742,64.0,Male,VA Long Beach,asymptomatic,120.0,,true,st-t abnormality,106.0,false,2.0,flat,,,1,1
160,68.0,Male,Cleveland,non-anginal,118.0,277.0,false,normal,151.0,false,1.0,upsloping,1,reversible defect,0,0
202,64.0,Female,Cleveland,asymptomatic,180.0,325.0,false,normal,154.0,true,0.0,upsloping,0,normal,0,0
491,62.0,Male,Hungary,atypical angina,140.0,271.0,false,normal,152.0,false,1.0,upsloping,,,0,0
299,45.0,Male,Cleveland,typical angina,110.0,264.0,false,normal,132.0,false,1.2,flat,0,reversible defect,1,1
842,74.0,Male,VA Long Beach,asymptomatic,150.0,258.0,true,st-t abnormality,130.0,true,4.0,downsloping,,,3,1
778,60.0,Male,VA Long Beach,non-anginal,,316.0,true,st-t abnormality,,,,,,,3,1
253,64.0,Male,Cleveland,asymptomatic,128.0,263.0,false,normal,105.0,true,0.2,flat,1,reversible defect,0,0
718,72.0,Male,Switzerland,non-anginal,160.0,,,lv hypertrophy,114.0,false,1.6,flat,2,,0,0
7,62.0,Female,Cleveland,asymptomatic,140.0,268.0,false,lv hypertrophy,160.0,false,3.6,downsloping,2,normal,3,1
51,41.0,Female,Cleveland,atypical angina,105.0,198.0,false,normal,168.0,false,0.0,upsloping,1,normal,0,0
692,62.0,Male,Switzerland,typical angina,120.0,,,lv hypertrophy,134.0,false,-0.8,flat,2,,1,1
67,60.0,Male,Cleveland,non-anginal,140.0,185.0,false,lv hypertrophy,155.0,false,3.0,flat,0,normal,1,1
554,58.0,Male,Hungary,asymptomatic,130.0,263.0,false,normal,140.0,true,2.0,flat,,,1,1
311,32.0,Male,Hungary,atypical angina,125.0,254.0,false,normal,155.0,false,0.0,,,,0,0
573,55.0,Male,Hungary,atypical angina,160.0,292.0,true,normal,143.0,true,2.0,flat,,,1,1
561,48.0,Female,Hungary,asymptomatic,138.0,214.0,false,normal,108.0,true,1.5,flat,,,1,1
910,68.0,Male,VA Long Beach,non-anginal,134.0,254.0,true,normal,151.0,true,0.0,,,normal,0,0
360,42.0,Male,Hungary,non-anginal,120.0,228.0,false,normal,152.0,true,1.5,flat,,,0,0
297,59.0,Male,Cleveland,asymptomatic,164.0,176.0,true,lv hypertrophy,90.0,false,1.0,flat,2,fixed defect,3,1
744,74.0,Male,VA Long Beach,non-anginal,,,false,normal,,,,,,,0,0
846,76.0,Male,VA Long Beach,non-anginal,104.0,,false,lv hypertrophy,120.0,false,3.5,downsloping,,,4,1
576,56.0,Male,Hungary,asymptomatic,150.0,230.0,false,st-t abnormality,124.0,true,1.5,flat,,,1,1
276,64.0,Male,Cleveland,typical angina,170.0,227.0,false,lv hypertrophy,155.0,false,0.6,flat,0,reversible defect,0,0
711,67.0,Male,Switzerland,typical angina,145.0,,false,lv hypertrophy,125.0,false,0.0,flat,,normal,2,1
133,29.0,Male,Cleveland,atypical angina,130.0,204.0,false,lv hypertrophy,202.0,false,0.0,upsloping,0,normal,0,0
728,60.0,Male,VA Long Beach,non-anginal,180.0,,false,st-t abnormality,140.0,true,1.5,flat,,,0,0
183,42.0,Male,Cleveland,typical angina,148.0,244.0,false,lv hypertrophy,178.0,false,0.8,upsloping,2,normal,0,0
49,65.0,Female,Cleveland,non-anginal,140.0,417.0,true,lv hypertrophy,157.0,false,0.8,upsloping,1,normal,0,0
207,58.0,Male,Cleveland,asymptomatic,128.0,259.0,false,lv hypertrophy,130.0,true,3.0,flat,2,reversible defect,3,1
729,60.0,Male,VA Long Beach,non-anginal,120.0,,,normal,141.0,true,2.0,upsloping,,,3,1
843,54.0,Male,VA Long Beach,asymptomatic,130.0,202.0,true,normal,112.0,true,2.0,flat,,,1,1
188,66.0,Male,Cleveland,atypical angina,160.0,246.0,false,normal,120.0,true,0.0,flat,3,fixed defect,2,1
179,43.0,Male,Cleveland,non-anginal,130.0,315.0,false,normal,162.0,false,1.9,upsloping,1,normal,0,0
845,62.0,Male,VA Long Beach,non-anginal,,204.0,false,st-t abnormality,,,,,,,1,1
912,62.0,Male,VA Long Beach,asymptomatic,160.0,254.0,true,st-t abnormality,108.0,true,3.0,flat,,,4,1
734,63.0,Male,VA Long Beach,non-anginal,,,false,lv hypertrophy,,,,,,,1,1
567,52.0,Male,Hungary,asymptomatic,140.0,404.0,false,normal,124.0,true,2.0,flat,,,1,1
824,63.0,Male,VA Long Beach,asymptomatic,96.0,305.0,false,st-t abnormality,121.0,true,1.0,upsloping,,,1,1
833,49.0,Male,VA Long Beach,non-anginal,,142.0,false,normal,,,,,,,3,1
679,60.0,Male,Switzerland,asymptomatic,160.0,,false,st-t abnormality,99.0,true,0.5,flat,,reversible defect,3,1
372,44.0,Male,Hungary,atypical angina,120.0,184.0,false,normal,142.0,false,1.0,flat,,,0,0
441,53.0,Male,Hungary,asymptomatic,124.0,260.0,false,st-t abnormality,112.0,true,3.0,flat,,,0,0
495,35.0,Male,Hungary,atypical angina,110.0,257.0,false,normal,140.0,false,0.0,,,,1,1
209,55.0,Male,Cleveland,atypical angina,130.0,262.0,false,normal,155.0,false,0.0,upsloping,0,normal,0,0
601,36.0,Male,Switzerland,asymptomatic,110.0,,,normal,125.0,true,1.0,flat,,fixed defect,1,1
717,70.0,Male,Switzerland,asymptomatic,140.0,,true,normal,157.0,true,2.0,flat,,reversible defect,3,1
920,62.0,Male,VA Long Beach,atypical angina,120.0,254.0,false,lv hypertrophy,93.0,true,0.0,,,,1,1
159,60.0,Male,Cleveland,asymptomatic,140.0,293.0,false,lv hypertrophy,170.0,false,1.2,flat,2,reversible defect,2,1
890,57.0,Male,VA Long Beach,atypical angina,180.0,285.0,true,st-t abnormality,120.0,false,0.8,,,,1,1
22,58.0,Female,Cleveland,typical angina,150.0,283.0,true,lv hypertrophy,162.0,false,1.0,upsloping,0,normal,0,0
78,51.0,Female,Cleveland,non-anginal,140.0,308.0,false,lv hypertrophy,142.0,false,1.5,upsloping,1,normal,0,0
624,50.0,Male,Switzerland,asymptomatic,115.0,,false,normal,120.0,true,0.5,flat,,fixed defect,3,1
24,58.0,Male,Cleveland,non-anginal,132.0,224.0,false,lv hypertrophy,173.0,false,3.2,upsloping,2,reversible defect,3,1
401,48.0,Male,Hungary,atypical angina,100.0,,false,normal,100.0,false,0.0,,,,0,0
428,52.0,Female,Hungary,atypical angina,140.0,,false,normal,140.0,false,0.0,,,,0,0
263,60.0,Female,Cleveland,typical angina,150.0,240.0,false,normal,171.0,false,0.9,upsloping,0,normal,0,0
295,63.0,Female,Cleveland,asymptomatic,124.0,197.0,false,normal,136.0,true,0.0,flat,0,normal,1,1
83,39.0,Male,Cleveland,non-anginal,140.0,321.0,false,lv hypertrophy,182.0,false,0.0,upsloping,0,normal,0,0
367,43.0,Female,Hungary,atypical angina,120.0,266.0,false,normal,118.0,false,0.0,,,,0,0
811,75.0,Male,VA Long Beach,asymptomatic,136.0,225.0,false,normal,112.0,true,3.0,flat,,,3,1
241,41.0,Male,Cleveland,atypical angina,110.0,235.0,false,normal,153.0,false,0.0,upsloping,0,normal,0,0
63,58.0,Male,Cleveland,asymptomatic,128.0,216.0,false,lv hypertrophy,131.0,true,2.2,flat,3,reversible defect,1,1
338,39.0,Male,Hungary,atypical angina,130.0,,false,normal,120.0,false,0.0,,,,0,0
635,52.0,Male,Switzerland,asymptomatic,135.0,,,normal,128.0,true,2.0,flat,,reversible defect,2,1
72,67.0,Male,Cleveland,asymptomatic,125.0,254.0,true,normal,163.0,false,0.2,flat,2,reversible defect,3,1
97,59.0,Male,Cleveland,asymptomatic,110.0,239.0,false,lv hypertrophy,142.0,true,1.2,flat,1,reversible defect,2,1
892,37.0,Male,VA Long Beach,non-anginal,118.0,240.0,false,lv hypertrophy,165.0,false,1.0,flat,,normal,0,0
312,33.0,Male,Hungary,non-anginal,120.0,298.0,false,normal,185.0,false,0.0,,,,0,0
662,57.0,Male,Switzerland,asymptomatic,110.0,,,st-t abnormality,131.0,true,1.4,upsloping,1,,3,1
348,40.0,Male,Hungary,non-anginal,140.0,,false,normal,188.0,false,0.0,,,,0,0
31,69.0,Female,Cleveland,typical angina,140.0,239.0,false,normal,151.0,false,1.8,upsloping,2,normal,0,0
549,54.0,Male,Hungary,asymptomatic,200.0,198.0,false,normal,142.0,true,2.0,flat,,,1,1
435,53.0,Female,Hungary,atypical angina,113.0,468.0,,normal,127.0,false,0.0,,,,0,0
631,51.0,Male,Switzerland,asymptomatic,130.0,,,st-t abnormality,163.0,false,0.0,,,reversible defect,1,1
684,61.0,Male,Switzerland,asymptomatic,125.0,,false,normal,105.0,true,0.0,downsloping,,reversible defect,3,1
639,53.0,Male,Switzerland,atypical angina,130.0,,,st-t abnormality,120.0,false,0.7,downsloping,,,0,0
498,38.0,Male,Hungary,asymptomatic,110.0,196.0,false,normal,166.0,false,0.0,,,,1,1
87,47.0,Male,Cleveland,non-anginal,138.0,257.0,false,lv hypertrophy,156.0,false,0.0,upsloping,0,normal,0,0
374,44.0,Male,Hungary,asymptomatic,150.0,412.0,false,normal,170.0,false,0.0,,,,0,0
173,59.0,Female,Cleveland,asymptomatic,174.0,249.0,false,normal,143.0,true,0.0,flat,0,normal,1,1
100,48.0,Male,Cleveland,asymptomatic,122.0,222.0,false,lv hypertrophy,186.0,false,0.0,upsloping,0,normal,0,0
528,65.0,Male,Hungary,asymptomatic,140.0,306.0,true,normal,87.0,true,1.5,flat,,,1,1
371,44.0,Female,Hungary,asymptomatic,120.0,218.0,false,st-t abnormality,115.0,false,0.0,,,,0,0
193,43.0,Male,Cleveland,asymptomatic,132.0,247.0,true,lv hypertrophy,143.0,true,0.1,flat,,reversible defect,1,1
689,61.0,Male,Switzerland,asymptomatic,160.0,,true,st-t abnormality,145.0,false,1.0,flat,,reversible defect,2,1
621,47.0,Male,Switzerland,asymptomatic,160.0,,false,normal,124.0,true,0.0,flat,,reversible defect,1,1
500,38.0,Male,Hungary,asymptomatic,92.0,117.0,false,normal,134.0,true,2.5,flat,,,1,1
902,55.0,Male,VA Long Beach,non-anginal,,,false,st-t abnormality,,,,,,,0,0
587,47.0,Male,Hungary,asymptomatic,160.0,291.0,false,st-t abnormality,158.0,true,3.0,flat,,,1,1
170,45.0,Female,Cleveland,atypical angina,112.0,160.0,false,normal,138.0,false,0.0,flat,0,normal,0,0
332,38.0,Male,Hungary,atypical angina,140.0,297.0,false,normal,150.0,false,0.0,,,,0,0
146,47.0,Male,Cleveland,non-anginal,108.0,243.0,false,normal,152.0,false,0.0,upsloping,0,normal,1,1
779,62.0,Male,VA Long Beach,atypical angina,,,false,normal,,,,,,,0,0
59,54.0,Male,Cleveland,non-anginal,125.0,273.0,false,lv hypertrophy,152.0,false,0.5,downsloping,1,normal,0,0
424,51.0,Male,Hungary,atypical angina,125.0,188.0,false,normal,145.0,false,0.0,,,,0,0
96,52.0,Male,Cleveland,asymptomatic,128.0,255.0,false,normal,161.0,true,0.0,upsloping,1,reversible defect,1,1
483,59.0,Male,Hungary,atypical angina,140.0,287.0,false,normal,150.0,false,0.0,,,,0,0
442,53.0,Male,Hungary,asymptomatic,130.0,182.0,false,normal,148.0,false,0.0,,,,0,0
553,58.0,Male,Hungary,non-anginal,160.0,211.0,true,st-t abnormality,92.0,false,0.0,,,,1,1
455,54.0,Male,Hungary,atypical angina,160.0,195.0,false,st-t abnormality,130.0,false,1.0,upsloping,,,0,0
320,36.0,Male,Hungary,atypical angina,120.0,166.0,false,normal,180.0,false,0.0,,,,0,0
840,56.0,Male,VA Long Beach,asymptomatic,,,false,lv hypertrophy,,,,,,,1,1
881,62.0,Male,VA Long Beach,asymptomatic,,170.0,false,st-t abnormality,120.0,true,3.0,,,,4,1
660,56.0,Male,Switzerland,asymptomatic,140.0,,,normal,121.0,true,1.8,upsloping,,,1,1
551,56.0,Male,Hungary,asymptomatic,150.0,213.0,true,normal,125.0,true,1.0,flat,,,1,1
794,54.0,Male,VA Long Beach,asymptomatic,136.0,220.0,false,normal,140.0,true,3.0,flat,,,3,1
189,54.0,Male,Cleveland,atypical angina,192.0,283.0,false,lv hypertrophy,195.0,false,0.0,upsloping,1,reversible defect,1,1
294,63.0,Male,Cleveland,asymptomatic,140.0,187.0,false,lv hypertrophy,144.0,true,4.0,upsloping,2,reversible defect,2,1
121,48.0,Male,Cleveland,asymptomatic,130.0,256.0,true,lv hypertrophy,150.0,true,0.0,upsloping,2,reversible defect,3,1
37,43.0,Male,Cleveland,asymptomatic,120.0,177.0,false,lv hypertrophy,120.0,true,2.5,flat,0,reversible defect,3,1
868,55.0,Male,VA Long Beach,asymptomatic,,204.0,true,st-t abnormality,,,,,,,1,1
91,66.0,Male,Cleveland,asymptomatic,120.0,302.0,false,lv hypertrophy,151.0,false,0.4,flat,0,normal,0,0
58,41.0,Male,Cleveland,asymptomatic,110.0,172.0,false,lv hypertrophy,158.0,false,0.0,upsloping,0,reversible defect,1,1
665,57.0,Male,Switzerland,asymptomatic,160.0,,,normal,98.0,true,2.0,flat,,reversible defect,2,1
396,48.0,Female,Hungary,atypical angina,120.0,284.0,false,normal,120.0,false,0.0,,,,0,0
233,49.0,Male,Cleveland,non-anginal,118.0,149.0,false,lv hypertrophy,126.0,false,0.8,upsloping,3,normal,1,1
231,52.0,Female,Cleveland,non-anginal,136.0,196.0,false,lv hypertrophy,169.0,false,0.1,flat,0,normal,0,0
609,41.0,Male,Switzerland,asymptomatic,125.0,,,normal,176.0,false,1.6,upsloping,,,2,1
282,47.0,Male,Cleveland,non-anginal,130.0,253.0,false,normal,179.0,false,0.0,upsloping,0,normal,0,0
79,48.0,Male,Cleveland,atypical angina,130.0,245.0,false,lv hypertrophy,180.0,false,0.2,flat,0,normal,0,0
